W Go 0E,2A:10:26:47:58:E9,2017,12,28,1,21,22
W Go 0E,2A:10:26:47:58:E9,2017,12,28,1,21,35
W Go 0E,1B:38:30:7E:ED:61,2017,12,28,2,7,27
W Go 0E,1B:38:30:7E:ED:61,2017,12,28,2,9,16
ANDROID BT,74:2B:62:58:F0:88,2017,12,28,2,9,28
W Go 0E,1B:38:30:7E:ED:61,2017,12,28,2,10,7
W Go 0E,1B:38:30:7E:ED:61,2017,12,28,2,18,41
W Go 0E,21:C1:05:67:E9:97,2017,12,28,2,21,40
W Go 0E,21:C1:05:67:E9:97,2017,12,28,2,22,14
W Go 0E,21:C1:05:67:E9:97,2017,12,28,2,25,5
W Go 0E,21:C1:05:67:E9:97,2017,12,28,2,35,6
W Go 0E,16:E8:26:48:77:0A,2017,12,28,2,38,40
W Go 0E,16:E8:26:48:77:0A,2017,12,28,2,38,44
W Go 0E,16:E8:26:48:77:0A,2017,12,28,2,40,5
W Go 0E,16:E8:26:48:77:0A,2017,12,28,2,48,41
W Go 0E,16:E8:26:48:77:0A,2017,12,28,2,50,6
W Go 0E,0F:7C:86:DE:28:33,2017,12,28,2,58,38
W Go 0E,0F:7C:86:DE:28:33,2017,12,28,2,58,47
W Go 0E,0F:7C:86:DE:28:33,2017,12,28,3,0,8
W Go 0E,3B:E3:8C:00:57:13,2017,12,28,7,0,4
W Go 0E,3B:E3:8C:00:57:13,2017,12,28,7,5,7
W Go 0E,20:BF:8B:0E:60:97,2017,12,28,7,8,41
W Go 0E,20:BF:8B:0E:60:97,2017,12,28,7,8,49
W Go 0E,20:BF:8B:0E:60:97,2017,12,28,7,18,38
W Go 0E,30:AD:A7:FB:5B:BC,2017,12,28,7,28,43
W Go 0E,10:31:FF:B3:82:AF,2017,12,28,7,38,41
W Go 0E,34:68:B9:ED:A1:59,2017,12,28,7,58,39
W Go 0E,23:0B:73:8A:F6:4C,2017,12,28,8,8,40
W Go 0E,23:0B:73:8A:F6:4C,2017,12,28,8,15,6
W Go 0E,23:0B:73:8A:F6:4C,2017,12,28,8,19,5
W Go 0E,23:0B:73:8A:F6:4C,2017,12,28,8,20,6
W Go 0E,3F:D8:3E:B7:69:A9,2017,12,28,8,39,5
W Go 0E,32:03:32:B8:BA:69,2017,12,28,8,58,46
W Go 0E,32:03:32:B8:BA:69,2017,12,28,8,59,7
W Go 0E,3E:7F:9D:70:52:91,2017,12,28,9,8,44
W Go 0E,3E:7F:9D:70:52:91,2017,12,28,9,8,48
W Go 0E,3E:7F:9D:70:52:91,2017,12,28,9,18,41
W Go 0E,3F:76:9B:CB:51:67,2017,12,28,9,28,38
W Go 0E,3F:76:9B:CB:51:67,2017,12,28,9,28,46
W Go 0E,3F:76:9B:CB:51:67,2017,12,28,9,28,47
W Go 0E,1E:F9:8B:0F:91:6C,2017,12,28,9,38,39
W Go 0E,1E:F9:8B:0F:91:6C,2017,12,28,9,39,26
W Go 0E,1E:F9:8B:0F:91:6C,2017,12,28,9,48,41
W Go 0E,18:AF:8D:74:9B:97,2017,12,28,9,58,42
W Go 0E,18:AF:8D:74:9B:97,2017,12,28,9,59,3
W Go 0E,07:61:BE:E8:0A:2B,2017,12,28,10,8,39
W Go 0E,07:61:BE:E8:0A:2B,2017,12,28,10,8,52
W Go 0E,30:85:2E:75:B4:AE,2017,12,28,10,38,39
W Go 0E,30:85:2E:75:B4:AE,2017,12,28,10,38,48
W Go 0E,2B:83:1A:0E:4B:E3,2017,12,28,11,18,45
W Go 0E,2B:83:1A:0E:4B:E3,2017,12,28,11,18,49
W Go 0E,1C:80:8B:C6:DD:94,2017,12,28,11,28,42
W Go 0E,1C:80:8B:C6:DD:94,2017,12,28,11,28,50
W Go 0E,11:60:19:E4:64:B6,2017,12,28,11,38,40
W Go 0E,11:60:19:E4:64:B6,2017,12,28,11,38,53
W Go 0E,11:60:19:E4:64:B6,2017,12,28,11,48,46
W Go 0E,0C:6D:9E:C7:A5:D6,2017,12,28,11,58,39
W Go 0E,0C:6D:9E:C7:A5:D6,2017,12,28,11,58,47
W Go 0E,1B:39:9F:E6:7B:34,2017,12,28,12,16,4
W Go 0E,1B:39:9F:E6:7B:34,2017,12,28,12,16,12
W Go 0E,1B:39:9F:E6:7B:34,2017,12,28,12,18,19
W Go 0E,1A:9B:80:F2:5C:30,2017,12,28,12,20,40
W Go 0E,1A:9B:80:F2:5C:30,2017,12,28,12,23,44
W Go 0E,2F:A3:FF:70:86:BD,2017,12,28,12,38,53
W Go 0E,2F:A3:FF:70:86:BD,2017,12,28,12,48,37
W Go 0E,38:6C:17:4A:B1:7A,2017,12,28,12,58,39
W Go 0E,38:6C:17:4A:B1:7A,2017,12,28,12,58,43
W Go 0E,34:76:89:4A:5D:6B,2017,12,28,13,46,52
W Go 0E,33:D4:D4:9F:55:CD,2017,12,28,13,58,49
EST,F7:2A:4B:E6:AC:D7,2017,12,28,14,8,37
W Go 0E,0B:16:36:54:C8:32,2017,12,28,14,8,38
EST,F7:2A:4B:E6:AC:D7,2017,12,28,14,8,39
BL0034,E8:18:63:CD:02:7C,2017,12,28,14,8,40
SenseGiz-FIND11423,B4:99:4C:3A:39:60,2017,12,28,14,8,42
BL0090,E8:18:63:CD:00:E8,2017,12,28,14,8,44
EST,DD:BD:70:10:A9:7C,2017,12,28,14,8,59
SenseGiz-FIND9992,B4:99:4C:3A:33:53,2017,12,28,14,9,16
SenseGiz-FIND12025,E0:E5:CF:2E:72:75,2017,12,28,14,9,33
W Go 0E,0B:16:36:54:C8:32,2017,12,28,14,18,39
EST,F7:2A:4B:E6:AC:D7,2017,12,28,14,18,39
EST,DD:BD:70:10:A9:7C,2017,12,28,14,18,43
BL0034,E8:18:63:CD:02:7C,2017,12,28,14,18,45
EST,DD:BD:70:10:A9:7C,2017,12,28,14,18,53
SenseGiz-FIND12025,E0:E5:CF:2E:72:75,2017,12,28,14,18,53
BL0090,E8:18:63:CD:00:E8,2017,12,28,14,18,56
EST,F7:2A:4B:E6:AC:D7,2017,12,28,14,18,57
W Go 0E,0B:16:36:54:C8:32,2017,12,28,14,19,26
SenseGiz-FIND9992,B4:99:4C:3A:33:53,2017,12,28,14,19,27
SenseGiz-FIND12025,E0:E5:CF:2E:72:75,2017,12,28,14,25,0
W Go 0E,1D:77:F0:BF:6B:67,2017,12,28,14,28,40
W Go 0E,1D:77:F0:BF:6B:67,2017,12,28,14,28,49
EST,F7:2A:4B:E6:AC:D7,2017,12,28,14,38,37
EST,DD:BD:70:10:A9:7C,2017,12,28,14,38,40
W Go 0E,19:30:35:97:30:78,2017,12,28,14,38,42
SenseGiz-FIND12025,E0:E5:CF:2E:72:75,2017,12,28,14,38,44
EST,DD:BD:70:10:A9:7C,2017,12,28,14,38,49
null,E8:18:63:CD:02:7C,2017,12,28,14,38,59
W Go 0E,19:30:35:97:30:78,2017,12,28,14,39,54
W Go 0E,19:30:35:97:30:78,2017,12,28,14,48,39
EST,F7:2A:4B:E6:AC:D7,2017,12,28,14,58,40
W Go 0E,24:40:A8:17:D6:8B,2017,12,28,14,58,40
SenseGiz-FIND12025,E0:E5:CF:2E:72:75,2017,12,28,14,58,47
BL0034,E8:18:63:CD:02:7C,2017,12,28,14,58,48
SenseGiz-FIND9992,B4:99:4C:3A:33:53,2017,12,28,14,58,50
EST,F7:2A:4B:E6:AC:D7,2017,12,28,14,58,52
BL0090,E8:18:63:CD:00:E8,2017,12,28,14,59,4
W Go 18,30:80:71:6A:9D:87,2017,12,28,14,59,6
SenseGiz-FIND11423,B4:99:4C:3A:39:60,2017,12,28,14,59,12
W Go 0E,24:40:A8:17:D6:8B,2017,12,28,14,59,14
EST,DD:BD:70:10:A9:7C,2017,12,28,14,59,30
SenseGiz-FIND9992,B4:99:4C:3A:33:53,2017,12,28,15,5,0
null,B4:99:4C:3A:33:53,2017,12,28,15,5,0
EST,F7:2A:4B:E6:AC:D7,2017,12,28,15,8,38
SenseGiz-FIND9992,B4:99:4C:3A:33:53,2017,12,28,15,8,38
EST,DD:BD:70:10:A9:7C,2017,12,28,15,8,38
SenseGiz-FIND12025,E0:E5:CF:2E:72:75,2017,12,28,15,8,39
W Go 0E,23:EF:6E:34:E0:92,2017,12,28,15,8,42
SenseGiz-FIND12025,E0:E5:CF:2E:72:75,2017,12,28,15,8,43
EST,DD:BD:70:10:A9:7C,2017,12,28,15,8,46
EST,F7:2A:4B:E6:AC:D7,2017,12,28,15,8,48
BL0090,E8:18:63:CD:00:E8,2017,12,28,15,8,51
BL0090,E8:18:63:CD:00:E8,2017,12,28,15,8,52
BL0034,E8:18:63:CD:02:7C,2017,12,28,15,8,53
SenseGiz-FIND11423,B4:99:4C:3A:39:60,2017,12,28,15,9,4
W Go 0E,23:EF:6E:34:E0:92,2017,12,28,15,9,7
SenseGiz-FIND9992,B4:99:4C:3A:33:53,2017,12,28,15,9,27
SenseGiz-FIND12025,E0:E5:CF:2E:72:75,2017,12,28,15,28,37
SenseGiz-FIND9992,B4:99:4C:3A:33:53,2017,12,28,15,28,38
EST,F7:2A:4B:E6:AC:D7,2017,12,28,15,28,46
EST,DD:BD:70:10:A9:7C,2017,12,28,15,38,37
W Go 0E,33:2B:BF:75:DA:29,2017,12,28,15,38,38
EST,F7:2A:4B:E6:AC:D7,2017,12,28,15,38,38
EST,DD:BD:70:10:A9:7C,2017,12,28,15,38,46
SenseGiz-FIND11423,B4:99:4C:3A:39:60,2017,12,28,15,38,50
W Go 0E,33:2B:BF:75:DA:29,2017,12,28,15,38,50
null,E8:18:63:CD:02:7C,2017,12,28,15,38,51
W Go D2,3E:CF:7C:69:B7:EA,2017,12,28,15,38,57
W Go F0,15:DF:2B:75:50:2E,2017,12,28,15,39,2
W Go 06,06:88:8D:E7:11:12,2017,12,28,15,39,14
EST,DD:BD:70:10:A9:7C,2017,12,28,15,58,37
W Go 0E,00:7B:97:E3:D9:CC,2017,12,28,15,58,40
BL0034,E8:18:63:CD:02:7C,2017,12,28,15,58,48
EST,DD:BD:70:10:A9:7C,2017,12,28,15,58,51
EST,F7:2A:4B:E6:AC:D7,2017,12,28,15,58,51
W Go 0E,00:7B:97:E3:D9:CC,2017,12,28,15,58,53
SenseGiz-FIND12025,E0:E5:CF:2E:72:75,2017,12,28,15,59,1
BL0090,E8:18:63:CD:00:E8,2017,12,28,15,59,29
SenseGiz-FIND12025,E0:E5:CF:2E:72:75,2017,12,28,16,8,38
SenseGiz-FIND12025,E0:E5:CF:2E:72:75,2017,12,28,16,8,39
EST,F7:2A:4B:E6:AC:D7,2017,12,28,16,8,41
BL0034,E8:18:63:CD:02:7C,2017,12,28,16,8,50
W Go 0E,35:21:89:76:AB:6A,2017,12,28,16,8,55
W Go 57,3A:29:9B:A1:05:26,2017,12,28,16,8,59
EST,DD:BD:70:10:A9:7C,2017,12,28,16,8,59
BL0090,E8:18:63:CD:00:E8,2017,12,28,16,9,34
W Go 0E,35:21:89:76:AB:6A,2017,12,28,16,18,39
BL0090,E8:18:63:CD:00:E8,2017,12,28,16,18,41
W Go 0E,35:21:89:76:AB:6A,2017,12,28,16,19,0
EST,F7:2A:4B:E6:AC:D7,2017,12,28,16,19,13
EST,DD:BD:70:10:A9:7C,2017,12,28,16,19,15
SenseGiz-FIND12025,E0:E5:CF:2E:72:75,2017,12,28,16,19,18
BL0034,E8:18:63:CD:02:7C,2017,12,28,16,19,29
W Go 0E,2C:A6:B0:04:32:6D,2017,12,28,16,28,40
W Go 0E,2C:A6:B0:04:32:6D,2017,12,28,16,28,49
W Go 0E,28:B5:9F:96:97:6A,2017,12,28,16,46,9
W Go 0E,28:B5:9F:96:97:6A,2017,12,28,16,46,21
W Go 0E,28:B5:9F:96:97:6A,2017,12,28,16,46,22
W Go 0E,08:EA:02:34:5B:BA,2017,12,28,16,57,49
W Go 0E,08:EA:02:34:5B:BA,2017,12,28,16,58,15
W Go 0E,2F:AB:20:73:73:A3,2017,12,28,17,8,42
W Go 0E,2F:AB:20:73:73:A3,2017,12,28,17,9,20
W Go 0E,05:E2:F9:49:C7:17,2017,12,28,17,29,42
W Go 0E,05:E2:F9:49:C7:17,2017,12,28,17,29,50
W Go 0E,05:E2:F9:49:C7:17,2017,12,28,17,33,11
W Go 0E,05:E2:F9:49:C7:17,2017,12,28,17,35,10
W Go 0E,05:E2:F9:49:C7:17,2017,12,28,17,41,21
W Go 0E,2D:81:0A:8D:E1:AA,2017,12,28,17,44,7
W Go 0E,2D:81:0A:8D:E1:AA,2017,12,28,17,44,16
W Go 0E,2D:81:0A:8D:E1:AA,2017,12,28,17,45,3
W Go 0E,2D:81:0A:8D:E1:AA,2017,12,28,17,50,6
W Go 0E,2D:81:0A:8D:E1:AA,2017,12,28,17,55,13
W Go 0E,2D:81:0A:8D:E1:AA,2017,12,28,17,57,19
W Go 0E,13:AB:0A:7B:28:D8,2017,12,28,18,0,5
W Go C2,19:4A:E1:66:84:A3,2017,12,28,18,2,46
W Go 0E,13:AB:0A:7B:28:D8,2017,12,28,18,2,47
W Go C2,19:4A:E1:66:84:A3,2017,12,28,18,3,15
W Go C2,19:4A:E1:66:84:A3,2017,12,28,18,5,2
W Go 0E,13:AB:0A:7B:28:D8,2017,12,28,18,5,9
W Go C2,19:4A:E1:66:84:A3,2017,12,28,18,5,40
W Go 0E,13:AB:0A:7B:28:D8,2017,12,28,18,6,42
W Go 0E,13:AB:0A:7B:28:D8,2017,12,28,18,6,46
W Go C2,19:4A:E1:66:84:A3,2017,12,28,18,8,0
W Go 0E,13:AB:0A:7B:28:D8,2017,12,28,18,8,21
W Go 0E,13:AB:0A:7B:28:D8,2017,12,28,18,10,4
W Go C2,1E:A7:AC:C0:C1:64,2017,12,28,18,11,6
W Go C2,1E:A7:AC:C0:C1:64,2017,12,28,18,11,14
W Go 0E,13:AB:0A:7B:28:D8,2017,12,28,18,11,52
W Go 0E,1F:46:3B:09:BF:1F,2017,12,28,18,13,3
W Go 0E,1F:46:3B:09:BF:1F,2017,12,28,18,13,16
W Go C2,1E:A7:AC:C0:C1:64,2017,12,28,18,14,0
W Go 0E,1F:46:3B:09:BF:1F,2017,12,28,18,16,46
W Go 18,02:DB:9E:23:8C:0A,2017,12,28,18,18,59
W Go 0E,1F:46:3B:09:BF:1F,2017,12,28,18,19,1
W Go 0E,1F:46:3B:09:BF:1F,2017,12,28,18,19,2
BL0090,E8:18:63:CD:00:E8,2017,12,28,18,19,15
W Go 18,02:DB:9E:23:8C:0A,2017,12,28,18,19,16
W Go 0E,1F:46:3B:09:BF:1F,2017,12,28,18,22,22
BL0090,E8:18:63:CD:00:E8,2017,12,28,18,22,27
W Go 18,02:DB:9E:23:8C:0A,2017,12,28,18,22,32
W Go 0E,1F:46:3B:09:BF:1F,2017,12,28,18,23,9
W Go 0E,1F:46:3B:09:BF:1F,2017,12,28,18,26,43
W Go 18,18:84:BA:7E:A6:8B,2017,12,28,18,26,44
W Go 0E,1F:46:3B:09:BF:1F,2017,12,28,18,26,47
W Go 18,18:84:BA:7E:A6:8B,2017,12,28,18,27,1
BL0090,E8:18:63:CD:00:E8,2017,12,28,18,27,10
W Go 0E,06:8D:DA:3B:F6:F2,2017,12,28,18,29,16
W Go 18,18:84:BA:7E:A6:8B,2017,12,28,18,29,22
W Go 0E,06:8D:DA:3B:F6:F2,2017,12,28,18,29,25
W Go 0E,06:8D:DA:3B:F6:F2,2017,12,28,18,30,23
W Go 18,18:84:BA:7E:A6:8B,2017,12,28,18,31,30
W Go 0E,06:8D:DA:3B:F6:F2,2017,12,28,18,36,9
W Go 18,18:84:BA:7E:A6:8B,2017,12,28,18,37,40
W Go 0E,06:8D:DA:3B:F6:F2,2017,12,28,18,40,30
W Go 18,3E:79:FA:20:4B:2A,2017,12,28,18,41,35
BL0090,E8:18:63:CD:00:E8,2017,12,28,18,41,42
W Go 0E,06:8D:DA:3B:F6:F2,2017,12,28,18,41,43
W Go 18,3E:79:FA:20:4B:2A,2017,12,28,18,42,13
W Go 0E,1B:EB:FC:88:DF:2D,2017,12,28,18,43,38
BL0090,E8:18:63:CD:00:E8,2017,12,28,18,43,49
W Go 0E,1B:EB:FC:88:DF:2D,2017,12,28,18,44,8
W Go 18,3E:79:FA:20:4B:2A,2017,12,28,18,44,34
W Go 0E,1B:EB:FC:88:DF:2D,2017,12,28,18,46,6
W Go 18,3E:79:FA:20:4B:2A,2017,12,28,18,46,7
W Go 18,3E:79:FA:20:4B:2A,2017,12,28,18,50,10
W Go 0E,1B:EB:FC:88:DF:2D,2017,12,28,18,52,39
W Go 18,30:04:6D:B7:20:6D,2017,12,28,18,56,43
W Go 0E,1B:EB:FC:88:DF:2D,2017,12,28,18,57,42
W Go 0E,1B:EB:FC:88:DF:2D,2017,12,28,18,57,43
W Go 0E,2D:F2:83:F8:6A:42,2017,12,28,18,57,51
BL0090,E8:18:63:CD:00:E8,2017,12,28,18,58,11
W Go 18,30:04:6D:B7:20:6D,2017,12,28,18,58,30
W Go 0E,2D:F2:83:F8:6A:42,2017,12,28,19,4,10
W Go 0E,2D:F2:83:F8:6A:42,2017,12,28,19,10,46
W Go 18,22:E1:20:15:A4:59,2017,12,28,19,11,18
W Go 18,22:E1:20:15:A4:59,2017,12,28,19,11,22
BL0024,E8:18:63:CD:02:6B,2017,12,28,19,11,31
W Go 0E,2D:F2:83:F8:6A:42,2017,12,28,19,11,34
W Go 0E,17:07:6E:90:66:47,2017,12,28,19,13,25
W Go 18,22:E1:20:15:A4:59,2017,12,28,19,13,34
BL0090,E8:18:63:CD:00:E8,2017,12,28,19,13,36
W Go 0E,17:07:6E:90:66:47,2017,12,28,19,13,38
BL0024,E8:18:63:CD:02:6B,2017,12,28,19,13,48
W Go 0E,17:07:6E:90:66:47,2017,12,28,19,15,24
W Go 18,22:E1:20:15:A4:59,2017,12,28,19,15,25
W Go 0E,17:07:6E:90:66:47,2017,12,28,19,20,10
W Go 18,22:E1:20:15:A4:59,2017,12,28,19,21,19
W Go 0E,17:07:6E:90:66:47,2017,12,28,19,25,27
W Go 0E,3F:D1:C7:EF:80:97,2017,12,28,19,31,0
W Go 18,1C:2C:55:10:BC:12,2017,12,28,19,33,28
BL0090,E8:18:63:CD:00:E8,2017,12,28,19,33,30
BL0024,E8:18:63:CD:02:6B,2017,12,28,19,33,35
W Go 0E,3F:D1:C7:EF:80:97,2017,12,28,19,33,38
W Go 0E,3F:D1:C7:EF:80:97,2017,12,28,19,34,42
BL0024,E8:18:63:CD:02:6B,2017,12,28,19,34,42
BL0090,E8:18:63:CD:00:E8,2017,12,28,19,34,45
W Go 18,1C:2C:55:10:BC:12,2017,12,28,19,34,53
W Go 18,1C:2C:55:10:BC:12,2017,12,28,19,36,21
W Go 0E,3F:D1:C7:EF:80:97,2017,12,28,19,36,21
W Go 0E,3F:D1:C7:EF:80:97,2017,12,28,19,40,58
W Go 18,02:F7:CA:B3:D6:61,2017,12,28,19,42,47
W Go 0E,27:9B:27:A5:31:E9,2017,12,28,19,42,48
BL0024,E8:18:63:CD:02:6B,2017,12,28,19,42,49
W Go 18,02:F7:CA:B3:D6:61,2017,12,28,19,42,51
BL0090,E8:18:63:CD:00:E8,2017,12,28,19,43,6
W Go 0E,27:9B:27:A5:31:E9,2017,12,28,19,45,13
W Go 0E,27:9B:27:A5:31:E9,2017,12,28,19,50,42
W Go 7E,29:BB:16:1E:F3:F9,2017,12,28,19,52,17
BL0024,E8:18:63:CD:02:6B,2017,12,28,19,52,26
BL0090,E8:18:63:CD:00:E8,2017,12,28,19,52,30
W Go 18,02:F7:CA:B3:D6:61,2017,12,28,19,52,31
W Go 0E,27:9B:27:A5:31:E9,2017,12,28,19,52,57
W Go 0E,27:9B:27:A5:31:E9,2017,12,28,19,52,58
W Go 0E,27:9B:27:A5:31:E9,2017,12,28,19,55,36
W Go 0E,33:56:5C:5E:C4:22,2017,12,28,20,2,26
BL0090,E8:18:63:CD:00:E8,2017,12,28,20,3,30
BL0024,E8:18:63:CD:02:6B,2017,12,28,20,3,31
W Go 7E,17:41:79:E7:8E:42,2017,12,28,20,3,32
W Go 0E,33:56:5C:5E:C4:22,2017,12,28,20,3,50
W Go 18,3D:75:A7:15:42:F3,2017,12,28,20,4,11
BL0090,E8:18:63:CD:00:E8,2017,12,28,20,4,41
BL0024,E8:18:63:CD:02:6B,2017,12,28,20,4,43
W Go 0E,33:56:5C:5E:C4:22,2017,12,28,20,4,50
W Go 18,3D:75:A7:15:42:F3,2017,12,28,20,4,54
W Go 0E,33:56:5C:5E:C4:22,2017,12,28,20,6,32
W Go 18,3D:75:A7:15:42:F3,2017,12,28,20,6,36
W Go 18,18:4F:58:E9:96:6C,2017,12,28,20,10,3
null,18:4F:58:E9:96:6C,2017,12,28,20,10,3
W Go 0E,33:56:5C:5E:C4:22,2017,12,28,20,10,5
W Go 18,18:4F:58:E9:96:6C,2017,12,28,20,11,9
W Go 0E,03:37:7D:77:33:C2,2017,12,28,20,14,59
W Go 18,18:4F:58:E9:96:6C,2017,12,28,20,16,7
W Go 0E,03:37:7D:77:33:C2,2017,12,28,20,16,12
W Go 0E,03:37:7D:77:33:C2,2017,12,28,20,20,15
W Go 18,18:4F:58:E9:96:6C,2017,12,28,20,20,57
W Go 7E,3A:62:73:9D:DA:B8,2017,12,28,20,22,10
BL0090,E8:18:63:CD:00:E8,2017,12,28,20,22,10
W Go 0E,03:37:7D:77:33:C2,2017,12,28,20,22,15
W Go 18,18:4F:58:E9:96:6C,2017,12,28,20,22,32
BL0024,E8:18:63:CD:02:6B,2017,12,28,20,22,37
W Go 0E,03:37:7D:77:33:C2,2017,12,28,20,26,5
W Go 18,1B:07:9E:F7:E8:38,2017,12,28,20,26,9
W Go 0E,03:37:7D:77:33:C2,2017,12,28,20,26,9
W Go 0E,03:37:7D:77:33:C2,2017,12,28,20,26,10
BL0090,E8:18:63:CD:00:E8,2017,12,28,20,26,18
BL0024,E8:18:63:CD:02:6B,2017,12,28,20,26,18
W Go 0E,2A:B1:C3:BE:C3:01,2017,12,28,20,30,34
W Go 0E,2A:B1:C3:BE:C3:01,2017,12,28,20,32,7
W Go 0E,2A:B1:C3:BE:C3:01,2017,12,28,20,32,8
W Go 18,1B:07:9E:F7:E8:38,2017,12,28,20,32,11
W Go 18,1B:07:9E:F7:E8:38,2017,12,28,20,32,12
BL0090,E8:18:63:CD:00:E8,2017,12,28,20,32,24
BL0024,E8:18:63:CD:02:6B,2017,12,28,20,32,25
W Go 0E,2A:B1:C3:BE:C3:01,2017,12,28,20,36,2
W Go 18,1B:07:9E:F7:E8:38,2017,12,28,20,37,31
W Go 18,2D:6E:B6:4A:7D:5A,2017,12,28,20,42,5
BL0090,E8:18:63:CD:00:E8,2017,12,28,20,42,5
W Go 0E,2A:B1:C3:BE:C3:01,2017,12,28,20,42,39
BL0024,E8:18:63:CD:02:6B,2017,12,28,20,42,40
W Go 7E,3E:58:FC:EB:B8:A6,2017,12,28,20,42,55
W Go 18,2D:6E:B6:4A:7D:5A,2017,12,28,20,43,9
BL0090,E8:18:63:CD:00:E8,2017,12,28,20,43,9
BL0024,E8:18:63:CD:02:6B,2017,12,28,20,43,11
BL0024,E8:18:63:CD:02:6B,2017,12,28,20,43,12
W Go 0E,1F:50:11:84:B1:BE,2017,12,28,20,43,13
W Go 18,2D:6E:B6:4A:7D:5A,2017,12,28,20,45,27
W Go 0E,1F:50:11:84:B1:BE,2017,12,28,20,45,27
BL0090,E8:18:63:CD:00:E8,2017,12,28,20,46,54
BL0024,E8:18:63:CD:02:6B,2017,12,28,20,47,3
BL0024,E8:18:63:CD:02:6B,2017,12,28,20,47,4
W Go 0E,1F:50:11:84:B1:BE,2017,12,28,20,47,16
W Go 18,2D:6E:B6:4A:7D:5A,2017,12,28,20,47,50
W Go 18,2D:6E:B6:4A:7D:5A,2017,12,28,20,51,2
W Go 0E,1F:50:11:84:B1:BE,2017,12,28,20,51,2
W Go 0E,1F:50:11:84:B1:BE,2017,12,28,20,55,21
W Go 18,07:CA:CB:FF:D6:E1,2017,12,28,20,56,43
W Go 18,07:CA:CB:FF:D6:E1,2017,12,28,20,56,44
W Go 0E,1F:50:11:84:B1:BE,2017,12,28,20,56,58
W Go 0E,1F:50:11:84:B1:BE,2017,12,28,20,56,59
W Go 18,07:CA:CB:FF:D6:E1,2017,12,28,20,57,0
W Go 18,07:CA:CB:FF:D6:E1,2017,12,28,20,57,1
BL0090,E8:18:63:CD:00:E8,2017,12,28,20,57,2
BL0024,E8:18:63:CD:02:6B,2017,12,28,20,57,2
W Go 7E,01:BC:56:74:57:E3,2017,12,28,20,57,42
W Go 0E,10:90:EF:B6:F2:B8,2017,12,28,20,57,50
BL0024,E8:18:63:CD:02:6B,2017,12,28,20,57,53
W Go 18,07:CA:CB:FF:D6:E1,2017,12,28,20,57,56
BL0090,E8:18:63:CD:00:E8,2017,12,28,20,57,58
W Go 0E,10:90:EF:B6:F2:B8,2017,12,28,20,58,7
W Go 18,07:CA:CB:FF:D6:E1,2017,12,28,21,1,12
W Go 0E,10:90:EF:B6:F2:B8,2017,12,28,21,1,14
W Go 0E,10:90:EF:B6:F2:B8,2017,12,28,21,5,8
W Go 0E,10:90:EF:B6:F2:B8,2017,12,28,21,5,9
W Go 7E,39:AA:A6:9E:EB:91,2017,12,28,21,7,35
BL0024,E8:18:63:CD:02:6B,2017,12,28,21,7,44
BL0090,E8:18:63:CD:00:E8,2017,12,28,21,7,45
W Go 0E,10:90:EF:B6:F2:B8,2017,12,28,21,7,46
W Go 18,2B:CF:4B:87:A5:78,2017,12,28,21,11,30
W Go 0E,10:90:EF:B6:F2:B8,2017,12,28,21,11,32
null,E8:18:63:CD:02:6B,2017,12,28,21,12,10
W Go 18,2B:CF:4B:87:A5:78,2017,12,28,21,12,12
W Go 18,2B:CF:4B:87:A5:78,2017,12,28,21,12,13
W Go 0E,0B:AB:D8:02:72:EF,2017,12,28,21,14,18
W Go 0E,0B:AB:D8:02:72:EF,2017,12,28,21,14,19
BL0024,E8:18:63:CD:02:6B,2017,12,28,21,14,24
BL0090,E8:18:63:CD:00:E8,2017,12,28,21,14,38
W Go 0E,0B:AB:D8:02:72:EF,2017,12,28,21,14,40
W Go 7E,2F:D2:D6:F7:E5:49,2017,12,28,21,15,2
W Go 0E,0B:AB:D8:02:72:EF,2017,12,28,21,15,10
W Go 18,2B:CF:4B:87:A5:78,2017,12,28,21,16,51
W Go 0E,0B:AB:D8:02:72:EF,2017,12,28,21,20,13
W Go 18,2B:CF:4B:87:A5:78,2017,12,28,21,21,6
W Go 7E,2F:D2:D6:F7:E5:49,2017,12,28,21,26,8
W Go 7E,2F:D2:D6:F7:E5:49,2017,12,28,21,26,9
BL0024,E8:18:63:CD:02:6B,2017,12,28,21,26,16
BL0090,E8:18:63:CD:00:E8,2017,12,28,21,26,23
W Go 0E,0B:AB:D8:02:72:EF,2017,12,28,21,26,24
W Go 0E,14:E9:63:B3:32:18,2017,12,28,21,28,15
W Go 7E,2F:D2:D6:F7:E5:49,2017,12,28,21,28,20
BL0090,E8:18:63:CD:00:E8,2017,12,28,21,28,21
BL0024,E8:18:63:CD:02:6B,2017,12,28,21,28,47
W Go 0E,14:E9:63:B3:32:18,2017,12,28,21,28,49
W Go 18,15:4B:F3:82:C2:E4,2017,12,28,21,30,40
W Go 0E,14:E9:63:B3:32:18,2017,12,28,21,30,40
W Go 7E,33:F8:18:42:D1:C4,2017,12,28,21,31,41
W Go 18,15:4B:F3:82:C2:E4,2017,12,28,21,31,46
W Go 18,15:4B:F3:82:C2:E4,2017,12,28,21,31,47
W Go 0E,14:E9:63:B3:32:18,2017,12,28,21,31,53
BL0024,E8:18:63:CD:02:6B,2017,12,28,21,31,56
BL0090,E8:18:63:CD:00:E8,2017,12,28,21,31,58
W Go 7E,33:F8:18:42:D1:C4,2017,12,28,21,32,28
W Go 18,15:4B:F3:82:C2:E4,2017,12,28,21,35,2
W Go 0E,14:E9:63:B3:32:18,2017,12,28,21,36,4
W Go 18,15:3A:AB:71:12:7D,2017,12,28,21,40,9
W Go 0E,14:E9:63:B3:32:18,2017,12,28,21,40,15
BL0024,E8:18:63:CD:02:6B,2017,12,28,21,41,40
W Go 0E,14:E9:63:B3:32:18,2017,12,28,21,41,40
BL0090,E8:18:63:CD:00:E8,2017,12,28,21,41,49
W Go 18,15:3A:AB:71:12:7D,2017,12,28,21,42,0
W Go 0E,23:D9:FD:F2:0C:C4,2017,12,28,21,43,49
BL0024,E8:18:63:CD:02:6B,2017,12,28,21,43,51
BL0090,E8:18:63:CD:00:E8,2017,12,28,21,44,0
BL0090,E8:18:63:CD:00:E8,2017,12,28,21,44,1
W Go 0E,23:D9:FD:F2:0C:C4,2017,12,28,21,44,2
W Go 18,15:3A:AB:71:12:7D,2017,12,28,21,44,8
W Go 18,15:3A:AB:71:12:7D,2017,12,28,21,44,9
W Go 18,15:3A:AB:71:12:7D,2017,12,28,21,46,23
W Go 0E,23:D9:FD:F2:0C:C4,2017,12,28,21,46,23
W Go 18,15:3A:AB:71:12:7D,2017,12,28,21,53,56
W Go 18,15:3A:AB:71:12:7D,2017,12,28,21,53,57
W Go 0E,23:D9:FD:F2:0C:C4,2017,12,28,21,54,3
W Go 0E,23:D9:FD:F2:0C:C4,2017,12,28,21,55,7
W Go 18,12:BE:29:9D:DD:5D,2017,12,28,21,56,43
W Go 18,12:BE:29:9D:DD:5D,2017,12,28,21,56,44
BL0090,E8:18:63:CD:00:E8,2017,12,28,21,56,47
W Go 0E,23:D9:FD:F2:0C:C4,2017,12,28,21,56,50
W Go 18,12:BE:29:9D:DD:5D,2017,12,28,21,57,9
BL0024,E8:18:63:CD:02:6B,2017,12,28,21,57,15
W Go 7E,20:24:43:6C:51:43,2017,12,28,21,57,21
W Go 0E,09:7C:B5:31:39:AD,2017,12,28,21,57,49
W Go 0E,09:7C:B5:31:39:AD,2017,12,28,21,57,50
BL0024,E8:18:63:CD:02:6B,2017,12,28,21,57,53
W Go 7E,20:24:43:6C:51:43,2017,12,28,21,57,55
W Go 0E,09:7C:B5:31:39:AD,2017,12,28,21,57,58
BL0090,E8:18:63:CD:00:E8,2017,12,28,21,58,3
BL0090,E8:18:63:CD:00:E8,2017,12,28,21,58,4
W Go 18,12:BE:29:9D:DD:5D,2017,12,28,21,58,13
W Go 7E,11:6C:41:2D:47:F1,2017,12,28,22,0,28
BL0024,E8:18:63:CD:02:6B,2017,12,28,22,1,14
BL0090,E8:18:63:CD:00:E8,2017,12,28,22,1,18
W Go 0E,09:7C:B5:31:39:AD,2017,12,28,22,1,26
W Go 0E,09:7C:B5:31:39:AD,2017,12,28,22,1,27
W Go 18,12:BE:29:9D:DD:5D,2017,12,28,22,1,37
W Go 7E,11:6C:41:2D:47:F1,2017,12,28,22,3,15
W Go 7E,11:6C:41:2D:47:F1,2017,12,28,22,5,31
W Go 0E,09:7C:B5:31:39:AD,2017,12,28,22,6,38
W Go 0E,09:7C:B5:31:39:AD,2017,12,28,22,6,39
W Go 18,12:BE:29:9D:DD:5D,2017,12,28,22,8,44
W Go 0E,09:7C:B5:31:39:AD,2017,12,28,22,11,7
W Go 18,17:39:F0:18:39:31,2017,12,28,22,12,17
W Go 0E,09:7C:B5:31:39:AD,2017,12,28,22,12,24
BL0024,E8:18:63:CD:02:6B,2017,12,28,22,12,38
BL0024,E8:18:63:CD:02:6B,2017,12,28,22,12,39
BL0090,E8:18:63:CD:00:E8,2017,12,28,22,12,49
W Go 0E,27:CE:72:96:D4:58,2017,12,28,22,12,53
W Go 0E,27:CE:72:96:D4:58,2017,12,28,22,12,54
W Go 18,17:39:F0:18:39:31,2017,12,28,22,12,56
W Go 0E,27:CE:72:96:D4:58,2017,12,28,22,13,28
BL0090,E8:18:63:CD:00:E8,2017,12,28,22,13,42
W Go 18,17:39:F0:18:39:31,2017,12,28,22,14,12
W Go 18,17:39:F0:18:39:31,2017,12,28,22,14,13
W Go 0E,27:CE:72:96:D4:58,2017,12,28,22,15,27
W Go 18,17:39:F0:18:39:31,2017,12,28,22,16,42
W Go 0E,27:CE:72:96:D4:58,2017,12,28,22,21,21
W Go 0E,27:CE:72:96:D4:58,2017,12,28,22,21,22
W Go 0E,27:CE:72:96:D4:58,2017,12,28,22,25,7
W Go 0E,2E:F5:86:85:2B:A5,2017,12,28,22,29,44
W Go 0E,2E:F5:86:85:2B:A5,2017,12,28,22,29,45
W Go 0E,2E:F5:86:85:2B:A5,2017,12,28,22,30,35
W Go 0E,2E:F5:86:85:2B:A5,2017,12,28,22,36,43
W Go 0E,2E:F5:86:85:2B:A5,2017,12,28,22,41,21
W Go 0E,30:5D:73:13:5A:4B,2017,12,28,22,44,14
W Go 0E,30:5D:73:13:5A:4B,2017,12,28,22,44,23
W Go 0E,30:5D:73:13:5A:4B,2017,12,28,22,47,22
W Go 0E,30:5D:73:13:5A:4B,2017,12,28,22,50,46
W Go 0E,30:5D:73:13:5A:4B,2017,12,28,22,50,47
W Go 0E,3B:F7:41:1D:83:CA,2017,12,28,23,6,57
W Go 0E,3B:F7:41:1D:83:CA,2017,12,28,23,7,1
W Go 0E,3B:F7:41:1D:83:CA,2017,12,28,23,12,4
W Go 0E,03:B7:E7:BC:6E:0A,2017,12,28,23,14,28
W Go 0E,03:B7:E7:BC:6E:0A,2017,12,28,23,14,29
W Go 0E,03:B7:E7:BC:6E:0A,2017,12,28,23,14,54
W Go 0E,03:B7:E7:BC:6E:0A,2017,12,28,23,16,27
W Go 0E,03:B7:E7:BC:6E:0A,2017,12,28,23,21,50
W Go 0E,03:B7:E7:BC:6E:0A,2017,12,28,23,25,2
W Go 0E,27:CE:63:62:84:A4,2017,12,28,23,27,52
W Go 0E,27:CE:63:62:84:A4,2017,12,28,23,28,35
